year,country,gdp_growth,inflation,unemployment,interest_rate,ai_adoption_index
2005,USA,1.48,0.15,5.2,1.12,0
2005,DEU,1.74,5.35,3.7,2.11,0
2005,GBR,-1.47,3.03,3.21,0.99,0
2006,USA,0.81,1.32,7.71,4.05,0
2006,DEU,2.64,4.19,5.72,0.78,0
2006,GBR,-0.64,0.56,3.77,4.24,0
2007,USA,2.65,4.38,7.29,4.87,0
2007,DEU,0.86,4.98,7.95,4.31,0
2007,GBR,1.93,0.27,4.82,1.45,0
2008,USA,-1.37,0.61,5.22,3.18,0
2008,DEU,-0.41,1.26,5.14,4.68,0
2008,GBR,1.26,1.03,8.83,0.82,0
2009,USA,3.93,3.84,7.46,3.42,0
2009,DEU,2.43,1.37,3.26,1.58,0
2009,GBR,-1.52,5.66,10.01,1.57,0
2010,USA,-0.23,5.49,6.67,1.32,0
2010,DEU,0.93,1.58,7.68,4.49,0
2010,GBR,-1.46,5.99,7.08,0.45,0
2011,USA,-2.23,3.76,9.34,2.11,1.6
2011,DEU,-0.33,5.98,7.23,4.86,9.6
2011,GBR,-2.92,4.32,8.45,2.68,3.7
2012,USA,1.49,0.67,6.48,2.27,16.5
2012,DEU,3.13,1.58,7.0,0.89,16.1
2012,GBR,3.09,1.79,8.11,3.04,8.5
2013,USA,2.34,3.24,9.23,2.65,13.0
2013,DEU,-0.73,0.12,10.43,4.39,21.3
2013,GBR,-0.85,0.35,10.02,4.73,13.9
2014,USA,0.4,0.42,9.08,3.83,20.3
2014,DEU,0.33,3.3,5.12,4.36,23.2
2014,GBR,-1.52,3.24,8.84,1.01,22.1
2015,USA,3.97,3.9,6.5,2.59,26.2
2015,DEU,-1.43,2.03,7.71,1.15,27.2
2015,GBR,-2.5,3.79,4.83,4.53,33.6
2016,USA,-2.5,1.43,8.35,1.07,32.3
2016,DEU,3.55,3.43,6.78,3.92,39.1
2016,GBR,-1.67,0.58,6.45,2.12,35.7
2017,USA,2.1,4.04,10.87,0.49,41.0
2017,DEU,-0.62,5.17,4.99,0.95,41.5
2017,GBR,-0.05,1.67,5.0,4.62,41.4
2018,USA,3.03,3.3,3.4,5.0,51.4
2018,DEU,3.78,5.56,9.79,0.83,47.9
2018,GBR,-1.5,2.41,3.47,1.89,52.9
2019,USA,-1.14,4.7,6.64,2.12,58.6
2019,DEU,3.97,3.33,8.75,0.77,52.0
2019,GBR,3.78,3.48,7.34,3.74,49.6
2020,USA,1.09,3.02,9.82,0.79,64.6
2020,DEU,-2.44,1.11,7.76,3.38,57.4
2020,GBR,-2.16,5.34,4.97,2.97,61.2
2021,USA,-0.07,3.5,7.18,4.67,63.0
2021,DEU,2.01,1.43,6.17,3.36,64.0
2021,GBR,-0.79,4.51,3.58,2.29,71.0
2022,USA,3.97,0.44,4.71,1.33,76.3
2022,DEU,3.17,5.28,5.96,0.79,75.3
2022,GBR,1.92,3.67,10.9,3.27,67.1
2023,USA,2.72,1.8,8.31,4.69,74.3
2023,DEU,-2.19,0.64,7.43,1.36,79.0
2023,GBR,2.02,1.22,8.07,1.32,77.9
2024,USA,3.34,5.08,3.74,2.12,81.8
2024,DEU,-2.98,4.63,8.1,1.31,86.4
2024,GBR,0.86,2.57,3.08,0.38,87.8
2025,USA,3.33,3.27,9.68,2.91,86.5
2025,DEU,-2.11,1.85,10.19,3.98,93.6
2025,GBR,3.29,1.26,5.0,0.51,92.8
